{
  "train_loss": [
    0.8888975157437661,
    0.06573346094838407,
    0.04831117827003611,
    0.11007967422703518,
    0.07283740062517918,
    0.026076104550081733,
    0.023681696582614778,
    0.024357536540108575,
    0.02168424888564989,
    0.022892054456256167,
    0.02164155269526146
  ],
  "val_loss": [
    0.09293762142833782,
    0.02953011771482224,
    0.06211889338717885,
    0.11786010330829974,
    0.023356156582562956,
    0.02314217524984349,
    0.02725843996579411,
    0.02057313200740992,
    0.02018410597080618,
    0.01822815277490955,
    0.021857804658731318
  ],
  "val_accuracy": [
    97.50107712193021,
    98.8367083153813,
    98.3627746660922,
    96.2516156828953,
    98.96596294700561,
    99.0952175786299,
    99.0952175786299,
    98.96596294700561,
    98.7936234381732,
    99.0521327014218,
    98.7936234381732
  ],
  "learning_rate": [
    0.001,
    0.001,
    0.001,
    0.001,
    0.001,
    0.001,
    0.001,
    0.001,
    0.001,
    0.001,
    0.001
  ]
}